{
  "firstLayout": "",
  "gdVersion": {
    "build": 97,
    "major": 4,
    "minor": 0,
    "revision": 0
  },
  "properties": {
    "folderProject": false,
    "linuxExecutableFilename": "",
    "macExecutableFilename": "",
    "orientation": "landscape",
    "packageName": "com.example.gamename",
    "projectFile": "C:\\Users\\Marco Antonio\\GDevelop projects\\My project8\\game.json",
    "useExternalSourceFiles": false,
    "winExecutableFilename": "",
    "winExecutableIconFile": "",
    "name": "Project",
    "author": "",
    "windowWidth": 800,
    "windowHeight": 600,
    "latestCompilationDirectory": "",
    "maxFPS": 60,
    "minFPS": 10,
    "verticalSync": false,
    "platformSpecificAssets": {},
    "loadingScreen": {
      "showGDevelopSplash": false
    },
    "extensions": [
      {
        "name": "BuiltinObject"
      },
      {
        "name": "BuiltinAudio"
      },
      {
        "name": "BuiltinVariables"
      },
      {
        "name": "BuiltinTime"
      },
      {
        "name": "BuiltinMouse"
      },
      {
        "name": "BuiltinKeyboard"
      },
      {
        "name": "BuiltinJoystick"
      },
      {
        "name": "BuiltinCamera"
      },
      {
        "name": "BuiltinWindow"
      },
      {
        "name": "BuiltinFile"
      },
      {
        "name": "BuiltinNetwork"
      },
      {
        "name": "BuiltinScene"
      },
      {
        "name": "BuiltinAdvanced"
      },
      {
        "name": "Sprite"
      },
      {
        "name": "BuiltinCommonInstructions"
      },
      {
        "name": "BuiltinCommonConversions"
      },
      {
        "name": "BuiltinStringInstructions"
      },
      {
        "name": "BuiltinMathematicalTools"
      },
      {
        "name": "BuiltinExternalLayouts"
      }
    ],
    "platforms": [
      {
        "name": "GDevelop JS platform"
      }
    ],
    "currentPlatform": "GDevelop JS platform"
  },
  "resources": {
    "resources": [
      {
        "alwaysLoaded": false,
        "file": "assets/Enemies/wormPink.png",
        "kind": "image",
        "name": "wormPink.png",
        "smoothed": true,
        "userAdded": false
      },
      {
        "alwaysLoaded": false,
        "file": "assets/Enemies/wormPink_move.png",
        "kind": "image",
        "name": "wormPink_move.png",
        "smoothed": true,
        "userAdded": false
      },
      {
        "alwaysLoaded": false,
        "file": "assets/Tile/2.png",
        "kind": "image",
        "name": "2.png",
        "smoothed": true,
        "userAdded": false
      },
      {
        "alwaysLoaded": false,
        "file": "assets/Objects/Left.png",
        "kind": "image",
        "name": "Left.png",
        "smoothed": true,
        "userAdded": false
      },
      {
        "alwaysLoaded": false,
        "file": "assets/Objects/Right.png",
        "kind": "image",
        "name": "Right.png",
        "smoothed": true,
        "userAdded": true
      },
      {
        "alwaysLoaded": false,
        "file": "assets/Objects/bridge.png",
        "kind": "image",
        "name": "bridge.png",
        "smoothed": true,
        "userAdded": true
      }
    ],
    "resourceFolders": []
  },
  "objects": [],
  "objectsGroups": [],
  "variables": [],
  "layouts": [
    {
      "b": 209,
      "disableInputWhenNotFocused": true,
      "mangledName": "NewScene",
      "name": "NewScene",
      "oglFOV": 90,
      "oglZFar": 500,
      "oglZNear": 1,
      "r": 209,
      "standardSortMethod": true,
      "stopSoundsOnStartup": true,
      "title": "",
      "v": 209,
      "uiSettings": {
        "grid": false,
        "gridB": 255,
        "gridG": 180,
        "gridHeight": 32,
        "gridOffsetX": 0,
        "gridOffsetY": 0,
        "gridR": 158,
        "gridWidth": 32,
        "snap": true,
        "windowMask": false,
        "zoomFactor": 1
      },
      "objectsGroups": [],
      "variables": [],
      "instances": [
        {
          "angle": 0,
          "customSize": true,
          "height": 127,
          "layer": "",
          "locked": false,
          "name": "Platform",
          "width": 790,
          "x": 2,
          "y": 470,
          "zOrder": 1,
          "numberProperties": [],
          "stringProperties": [],
          "initialVariables": []
        },
        {
          "angle": 0,
          "customSize": false,
          "height": 0,
          "layer": "",
          "locked": false,
          "name": "Enemy",
          "width": 0,
          "x": 533,
          "y": 434,
          "zOrder": 2,
          "numberProperties": [],
          "stringProperties": [],
          "initialVariables": [
            {
              "name": "direction",
              "value": "left"
            }
          ]
        },
        {
          "angle": 0,
          "customSize": false,
          "height": 0,
          "layer": "",
          "locked": false,
          "name": "Left",
          "width": 0,
          "x": 405,
          "y": 144,
          "zOrder": 3,
          "numberProperties": [],
          "stringProperties": [],
          "initialVariables": []
        },
        {
          "angle": 0,
          "customSize": false,
          "height": 0,
          "layer": "",
          "locked": false,
          "name": "Right",
          "width": 0,
          "x": 192,
          "y": 143,
          "zOrder": 4,
          "numberProperties": [],
          "stringProperties": [],
          "initialVariables": []
        },
        {
          "angle": 0,
          "customSize": false,
          "height": 0,
          "layer": "",
          "locked": false,
          "name": "moveBridge",
          "width": 0,
          "x": 283,
          "y": 146,
          "zOrder": 5,
          "numberProperties": [],
          "stringProperties": [],
          "initialVariables": [
            {
              "name": "direction",
              "value": "left"
            }
          ]
        },
        {
          "angle": 0,
          "customSize": false,
          "height": 0,
          "layer": "",
          "locked": false,
          "name": "Right",
          "width": 0,
          "x": 91.0897,
          "y": 435,
          "zOrder": 4,
          "numberProperties": [],
          "stringProperties": [],
          "initialVariables": []
        },
        {
          "angle": 0,
          "customSize": false,
          "height": 0,
          "layer": "",
          "locked": false,
          "name": "Left",
          "width": 0,
          "x": 618,
          "y": 436,
          "zOrder": 3,
          "numberProperties": [],
          "stringProperties": [],
          "initialVariables": []
        },
        {
          "angle": 0,
          "customSize": false,
          "height": 0,
          "layer": "",
          "locked": false,
          "name": "Enemy",
          "width": 0,
          "x": 120,
          "y": 436,
          "zOrder": 2,
          "numberProperties": [],
          "stringProperties": [],
          "initialVariables": [
            {
              "name": "direction",
              "value": "left"
            }
          ]
        }
      ],
      "objects": [
        {
          "name": "Enemy",
          "type": "Sprite",
          "updateIfNotVisible": false,
          "variables": [],
          "behaviors": [],
          "animations": [
            {
              "name": "",
              "useMultipleDirections": false,
              "directions": [
                {
                  "looping": true,
                  "timeBetweenFrames": 0.4,
                  "sprites": [
                    {
                      "hasCustomCollisionMask": false,
                      "image": "wormPink.png",
                      "points": [],
                      "originPoint": {
                        "name": "origine",
                        "x": 0,
                        "y": 0
                      },
                      "centerPoint": {
                        "automatic": true,
                        "name": "centre",
                        "x": 0,
                        "y": 0
                      },
                      "customCollisionMask": []
                    },
                    {
                      "hasCustomCollisionMask": false,
                      "image": "wormPink_move.png",
                      "points": [],
                      "originPoint": {
                        "name": "origine",
                        "x": 0,
                        "y": 0
                      },
                      "centerPoint": {
                        "automatic": true,
                        "name": "centre",
                        "x": 0,
                        "y": 0
                      },
                      "customCollisionMask": []
                    }
                  ]
                }
              ]
            }
          ]
        },
        {
          "height": 32,
          "name": "Platform",
          "texture": "2.png",
          "type": "TiledSpriteObject::TiledSprite",
          "width": 32,
          "variables": [],
          "behaviors": [
            {
              "canBeGrabbed": true,
              "name": "Platform",
              "platformType": "NormalPlatform",
              "type": "PlatformBehavior::PlatformBehavior",
              "yGrabOffset": 0
            }
          ]
        },
        {
          "name": "Left",
          "type": "Sprite",
          "updateIfNotVisible": false,
          "variables": [],
          "behaviors": [],
          "animations": [
            {
              "name": "",
              "useMultipleDirections": false,
              "directions": [
                {
                  "looping": false,
                  "timeBetweenFrames": 1,
                  "sprites": [
                    {
                      "hasCustomCollisionMask": false,
                      "image": "Left.png",
                      "points": [],
                      "originPoint": {
                        "name": "origine",
                        "x": 0,
                        "y": 0
                      },
                      "centerPoint": {
                        "automatic": true,
                        "name": "centre",
                        "x": 0,
                        "y": 0
                      },
                      "customCollisionMask": []
                    }
                  ]
                }
              ]
            }
          ]
        },
        {
          "name": "Right",
          "type": "Sprite",
          "updateIfNotVisible": false,
          "variables": [],
          "behaviors": [],
          "animations": [
            {
              "name": "",
              "useMultipleDirections": false,
              "directions": [
                {
                  "looping": false,
                  "timeBetweenFrames": 1,
                  "sprites": [
                    {
                      "hasCustomCollisionMask": false,
                      "image": "Right.png",
                      "points": [],
                      "originPoint": {
                        "name": "origine",
                        "x": 0,
                        "y": 0
                      },
                      "centerPoint": {
                        "automatic": true,
                        "name": "centre",
                        "x": 0,
                        "y": 0
                      },
                      "customCollisionMask": []
                    }
                  ]
                }
              ]
            }
          ]
        },
        {
          "name": "moveBridge",
          "type": "Sprite",
          "updateIfNotVisible": false,
          "variables": [],
          "behaviors": [
            {
              "canBeGrabbed": true,
              "name": "Platform",
              "platformType": "NormalPlatform",
              "type": "PlatformBehavior::PlatformBehavior",
              "yGrabOffset": 0
            }
          ],
          "animations": [
            {
              "name": "",
              "useMultipleDirections": false,
              "directions": [
                {
                  "looping": false,
                  "timeBetweenFrames": 1,
                  "sprites": [
                    {
                      "hasCustomCollisionMask": false,
                      "image": "bridge.png",
                      "points": [],
                      "originPoint": {
                        "name": "origine",
                        "x": 0,
                        "y": 0
                      },
                      "centerPoint": {
                        "automatic": true,
                        "name": "centre",
                        "x": 0,
                        "y": 0
                      },
                      "customCollisionMask": []
                    }
                  ]
                }
              ]
            }
          ]
        }
      ],
      "events": [
        {
          "disabled": false,
          "folded": false,
          "type": "BuiltinCommonInstructions::Standard",
          "conditions": [
            {
              "type": {
                "inverted": false,
                "value": "CollisionNP"
              },
              "parameters": [
                "Enemy",
                "Right",
                "",
                ""
              ],
              "subInstructions": []
            }
          ],
          "actions": [
            {
              "type": {
                "inverted": false,
                "value": "ModVarObjetTxt"
              },
              "parameters": [
                "Enemy",
                "direction",
                "=",
                "\"right\""
              ],
              "subInstructions": []
            }
          ],
          "events": []
        },
        {
          "disabled": false,
          "folded": false,
          "type": "BuiltinCommonInstructions::Standard",
          "conditions": [
            {
              "type": {
                "inverted": false,
                "value": "CollisionNP"
              },
              "parameters": [
                "Enemy",
                "Left",
                "",
                ""
              ],
              "subInstructions": []
            }
          ],
          "actions": [
            {
              "type": {
                "inverted": false,
                "value": "ModVarObjetTxt"
              },
              "parameters": [
                "Enemy",
                "direction",
                "=",
                "\"left\""
              ],
              "subInstructions": []
            }
          ],
          "events": []
        },
        {
          "disabled": false,
          "folded": false,
          "type": "BuiltinCommonInstructions::Standard",
          "conditions": [
            {
              "type": {
                "inverted": false,
                "value": "VarObjetTxt"
              },
              "parameters": [
                "Enemy",
                "direction",
                "=",
                "\"left\""
              ],
              "subInstructions": []
            }
          ],
          "actions": [
            {
              "type": {
                "inverted": false,
                "value": "AddForceAL"
              },
              "parameters": [
                "Enemy",
                "180",
                "100",
                ""
              ],
              "subInstructions": []
            },
            {
              "type": {
                "inverted": false,
                "value": "FlipX"
              },
              "parameters": [
                "Enemy",
                "no"
              ],
              "subInstructions": []
            }
          ],
          "events": []
        },
        {
          "disabled": false,
          "folded": false,
          "type": "BuiltinCommonInstructions::Standard",
          "conditions": [
            {
              "type": {
                "inverted": false,
                "value": "VarObjetTxt"
              },
              "parameters": [
                "Enemy",
                "direction",
                "=",
                "\"right\""
              ],
              "subInstructions": []
            }
          ],
          "actions": [
            {
              "type": {
                "inverted": false,
                "value": "AddForceAL"
              },
              "parameters": [
                "Enemy",
                "0",
                "100",
                ""
              ],
              "subInstructions": []
            },
            {
              "type": {
                "inverted": false,
                "value": "FlipX"
              },
              "parameters": [
                "Enemy",
                "yes"
              ],
              "subInstructions": []
            }
          ],
          "events": []
        },
        {
          "disabled": false,
          "folded": false,
          "type": "BuiltinCommonInstructions::Standard",
          "conditions": [
            {
              "type": {
                "inverted": false,
                "value": "CollisionNP"
              },
              "parameters": [
                "moveBridge",
                "Left",
                "",
                ""
              ],
              "subInstructions": []
            }
          ],
          "actions": [
            {
              "type": {
                "inverted": false,
                "value": "ModVarObjetTxt"
              },
              "parameters": [
                "moveBridge",
                "direction",
                "=",
                "\"left\""
              ],
              "subInstructions": []
            }
          ],
          "events": []
        },
        {
          "disabled": false,
          "folded": false,
          "type": "BuiltinCommonInstructions::Standard",
          "conditions": [
            {
              "type": {
                "inverted": false,
                "value": "CollisionNP"
              },
              "parameters": [
                "moveBridge",
                "Right",
                "",
                ""
              ],
              "subInstructions": []
            }
          ],
          "actions": [
            {
              "type": {
                "inverted": false,
                "value": "ModVarObjetTxt"
              },
              "parameters": [
                "moveBridge",
                "direction",
                "=",
                "\"right\""
              ],
              "subInstructions": []
            }
          ],
          "events": []
        },
        {
          "disabled": false,
          "folded": false,
          "type": "BuiltinCommonInstructions::Standard",
          "conditions": [
            {
              "type": {
                "inverted": false,
                "value": "VarObjetTxt"
              },
              "parameters": [
                "moveBridge",
                "direction",
                "=",
                "\"left\""
              ],
              "subInstructions": []
            }
          ],
          "actions": [
            {
              "type": {
                "inverted": false,
                "value": "AddForceAL"
              },
              "parameters": [
                "moveBridge",
                "180",
                "100",
                ""
              ],
              "subInstructions": []
            }
          ],
          "events": []
        },
        {
          "disabled": false,
          "folded": false,
          "type": "BuiltinCommonInstructions::Standard",
          "conditions": [
            {
              "type": {
                "inverted": false,
                "value": "VarObjetTxt"
              },
              "parameters": [
                "moveBridge",
                "direction",
                "=",
                "\"right\""
              ],
              "subInstructions": []
            }
          ],
          "actions": [
            {
              "type": {
                "inverted": false,
                "value": "AddForceAL"
              },
              "parameters": [
                "moveBridge",
                "0",
                "100",
                ""
              ],
              "subInstructions": []
            }
          ],
          "events": []
        }
      ],
      "layers": [
        {
          "name": "",
          "visibility": true,
          "cameras": [
            {
              "defaultSize": true,
              "defaultViewport": true,
              "height": 0,
              "viewportBottom": 1,
              "viewportLeft": 0,
              "viewportRight": 1,
              "viewportTop": 0,
              "width": 0
            }
          ],
          "effects": []
        }
      ],
      "behaviorsSharedData": [
        {
          "name": "Platform",
          "type": "PlatformBehavior::PlatformBehavior"
        }
      ]
    }
  ],
  "externalEvents": [],
  "externalLayouts": [],
  "externalSourceFiles": []
}